metric,value
count,45960.0
mean,0.000631051759054771
std,0.010290414788248919
min,-0.058102013949189124
1%,-0.0259819409796645
5%,-0.016254134340517205
50%,0.0003402087746056104
95%,0.017841942796868487
99%,0.02761652005735896
max,0.06471309359097144
